[{
        "defaultValue": false,
        "dataSources": [{
            "name": "Gater",
            "keyPath": "gates/ios.com.salesforce.fieldservice.appupgradealert.recurrent/isOpen"
        }],
        "name": "ios.com.salesforce.fieldservice.appupgradealert.recurrent",
        "scope": "PROD"
    },
    {
        "defaultValue": false,
        "dataSources": [{
            "name": "Gater",
            "keyPath": "gates/ios.com.salesforce.fieldservice.appupgradealert.recurrent/isOpen"
        }],
        "name": "ios.com.salesforce.fieldservice.appupgradealert.recurrent",
        "scope": "DEV"
    },
    {
        "defaultValue": true,
        "dataSources": [{
            "name": "Gater",
            "keyPath": "gates/ios.com.salesforce.fieldservice.inventory.serializedProducts/isOpen"
        }],
        "name": "ios.com.salesforce.fieldservice.inventory.serializedProducts",
        "scope": "PROD"
    },
    {
        "defaultValue": false,
        "dataSources": [{
            "name": "Gater",
            "keyPath": "gates/ios.com.salesforce.fieldservice.featureflags.menu/isOpen"
        }],
        "name": "ios.com.salesforce.fieldservice.featureflags.menu",
        "scope": "PROD"
    },
    {
        "defaultValue": true,
        "dataSources": [{
            "name": "Gater",
            "keyPath": "gates/ios.com.salesforce.fieldservice.barcodeScanner/isOpen"
        }],
        "name": "ios.com.salesforce.fieldservice.barcodeScanner",
        "scope": "PROD"
    },
    {
        "defaultValue": false,
        "dataSources": [{
            "name": "Gater",
            "keyPath": "gates/ios.com.salesforce.fieldservice.featureflags.lwcDebugSettings/isOpen"
        }],
        "name": "ios.com.salesforce.fieldservice.featureflags.lwcDebugSettings",
        "scope": "PROD"
    },
    {
        "defaultValue": true,
        "dataSources": [{
            "name": "Gater",
            "keyPath": "gates/com.salesforce.nimbus.plugin.barcodescanner.ios/isOpen"
        }],
        "name": "com.salesforce.nimbus.plugin.barcodescanner.ios",
        "description": "Allows LWCs to access the device's camera and scan barcodes using a nimbus plugin",
        "scope": "PROD"
    },
    {
        "defaultValue": true,
        "dataSources": [{
            "name": "Gater",
            "keyPath": "gates/com.salesforce.nimbus.plugin.locationservice.ios/isOpen"
        }],
        "name": "com.salesforce.nimbus.plugin.locationservice.ios",
        "description": "Allows LWCs to access the device's location data using a nimbus plugin",
        "scope": "PROD"
    },
    {
        "defaultValue": true,
        "dataSources": [{
            "name": "Gater",
            "keyPath": "gates/com.salesforce.nimbus.plugin.geofenceService.ios/isOpen"
        }],
        "name": "com.salesforce.nimbus.plugin.geofenceService.ios",
        "description": "Allows LWCs to set and respond to geofences using a nimbus plugin",
        "scope": "PROD"
    },
    {
        "defaultValue": true,
        "dataSources": [{
            "name": "Gater",
            "keyPath": "gates/com.salesforce.nimbus.plugin.biometricsService.ios/isOpen"
        }],
        "name": "com.salesforce.nimbus.plugin.biometricsService.ios",
        "description": "Allows LWCs to access the device's biometrics capabilities using a nimbus plugin",
        "scope": "PROD"
    },
    {
        "defaultValue": true,
        "dataSources": [{
            "name": "Gater",
            "keyPath": "gates/com.salesforce.nimbus.plugin.documentScanner.ios/isOpen"
        }],
        "name": "com.salesforce.nimbus.plugin.documentScanner.ios",
        "description": "Allows LWCs to access the device's camera or photo library and extract text from images using a nimbus plugin",
        "scope": "PROD"
    },
    {
        "defaultValue": true,
        "dataSources": [{
            "name": "Gater",
            "keyPath": "gates/fscore.com.salesforce.fieldservice.offlineImagesUpload/isOpen"
        }],
        "name": "fscore.com.salesforce.fieldservice.offlineImagesUpload",
        "description": "Turns offline image upload feature on/off in FSCore",
        "scope": "PROD"
    },
    {
        "defaultValue": false,
        "dataSources": [{
            "name": "Gater",
            "keyPath": "gates/fscore.com.salesforce.fieldservice.ExperimentalRefreshForDeletedRecordsOnPTR/isOpen"
        }],
        "name": "fscore.com.salesforce.fieldservice.ExperimentalRefreshForDeletedRecordsOnPTR",
        "description": "Turns a LDS workaround for related list pull to refresh behaviors on/off in FSCore",
        "scope": "PROD"
    },
    {
        "defaultValue": false,
        "dataSources": [{
            "name": "Gater",
            "keyPath": "gates/fscore.com.salesforce.fieldservice.RecordDisplayItemBatchDependencies/isOpen"
        }],
        "name": "fscore.com.salesforce.fieldservice.RecordDisplayItemBatchDependencies",
        "description": "Turns on batching for record display item dependencies",
        "scope": "PROD"
    },
    {
        "defaultValue": false,
        "dataSources": [{
            "name": "Gater",
            "keyPath": "gates/fscore.com.salesforce.fieldservice.FixedCachePolicyForObjectSpecLoader/isOpen"
        }],
        "name": "fscore.com.salesforce.fieldservice.FixedCachePolicyForObjectSpecLoader",
        "description": "Changes the caching policy for the ObjectSpecLoader so it always checks the cache before hitting the network",
        "scope": "PROD"
    },
    {
        "defaultValue": false,
        "dataSources": [{
            "name": "Gater",
            "keyPath": "gates/fscore.com.salesforce.fieldservice.DisableTemporaryDeltaPrimingInterface/isOpen"
        }],
        "name": "fscore.com.salesforce.fieldservice.DisableTemporaryDeltaPrimingInterface",
        "description": "Killswitch to disable the delta-priming only priming loader",
        "scope": "PROD"
    },
    {
        "defaultValue": false,
        "dataSources": [{
            "name": "Gater",
            "keyPath": "gates/fscore.com.salesforce.fieldservice.reconcileDataGroupsKillSwitch/isOpen"
        }],
        "name": "fscore.com.salesforce.fieldservice.reconcileDataGroupsKillSwitch",
        "description": "Disables reconciling dataGroups table when localIds get updated with serverIds.",
        "scope": "PROD"
    },
    {
        "defaultValue": false,
        "dataSources": [{
            "name": "Gater",
            "keyPath": "gates/ios.com.salesforce.fieldservice.DataSyncUI/isOpen"
        }],
        "name": "ios.com.salesforce.fieldservice.DataSyncUI",
        "description": "Enables usage of the new data sync ui screen",
        "scope": "PROD"
    },
    {
        "defaultValue": false,
        "dataSources": [{
            "name": "Gater",
            "keyPath": "gates/ios.com.salesforce.fieldservice.featureflags.customlistviews/isOpen"
        }],
        "name": "ios.com.salesforce.fieldservice.featureflags.customlistviews",
        "description": "Turns Custom List Views feature on/off",
        "scope": "PROD"
    },
    {
        "defaultValue": true,
        "dataSources": [{
            "name": "Gater",
            "keyPath": "gates/ios.com.salesforce.fieldservice.featureflags.customlistviews.search/isOpen"
        }],
        "name": "ios.com.salesforce.fieldservice.featureflags.customlistviews.search",
        "description": "Turns Search feature for Custom List Views on/off",
        "scope": "PROD"
    },
    {
        "defaultValue": true,
        "dataSources": [{
            "name": "Gater",
            "keyPath": "gates/ios.com.salesforce.fieldservice.timesheet.timeSheetListviews/isOpen"
        }],
        "name": "ios.com.salesforce.fieldservice.timesheet.timeSheetListviews",
        "description": "Ability to Launch Custom ListViews for timesheets",
        "scope": "PROD"
    },
    {
        "defaultValue": false,
        "dataSources": [{
            "name": "Gater",
            "keyPath": "gates/fscore.com.salesforce.fieldservice.graphqlnewadapter/isOpen"
        }],
        "name": "fscore.com.salesforce.fieldservice.graphqlnewadapter",
        "description": "Use new GraphQL adapter",
        "scope": "PROD"
    },
    {
        "defaultValue": false,
        "dataSources": [{
            "name": "Gater",
            "keyPath": "gates/fscore.com.salesforce.fieldservice.listviewrecordquery/isOpen"
        }],
        "name": "fscore.com.salesforce.fieldservice.listviewrecordquery",
        "description": "Turns ListView using RecordQuery on/off in FSCore",
        "scope": "PROD"
    },
    {
        "defaultValue": true,
        "dataSources": [{
            "name": "Gater",
            "keyPath": "gates/fscore.com.salesforce.fieldservice.servicedocuments248/isOpen"
        }],
        "name": "fscore.com.salesforce.fieldservice.servicedocuments248",
        "description": "Toggles 248-scoped implementations between Service Reports when OFF, and Service Documents (aka Service Reports 2.0) when ON.",
        "scope": "PROD"
    },
    {
        "defaultValue": false,
        "dataSources": [{
            "name": "Gater",
            "keyPath": "gates/fscore.com.salesforce.fieldservice.LegacyAdapterOwnerIdFix/isOpen"
        }],
        "name": "fscore.com.salesforce.fieldservice.LegacyAdapterOwnerIdFix",
        "description": "Toggle flag to enable legacy lds adapter fix for scope:mine.",
        "scope": "PROD"
    },
    {
        "defaultValue": false,
        "dataSources": [{
            "name": "Gater",
            "keyPath": "gates/ios.com.salesforce.fieldservice.featureflags.ascDripFeedSupport/isOpen"
        }],
        "name": "ios.com.salesforce.fieldservice.featureflags.ascDripFeedSupport",
        "scope": "PROD"
    },
    {
        "defaultValue": false,
        "dataSources": [{
            "name": "Gater",
            "keyPath": "gates/fscore.com.salesforce.fieldservice.loaderprofilero11ymetrics/isOpen"
        }],
        "name": "fscore.com.salesforce.fieldservice.loaderprofilero11ymetrics",
        "scope": "PROD"
    },
    {
        "defaultValue": false,
        "dataSources": [{
            "name": "Gater",
            "keyPath": "gates/com.salesforce.fieldservice.salesforceApiVersionOverride/isOpen"
        }],
        "name": "com.salesforce.fieldservice.salesforceApiVersionOverride",
        "scope": "PROD"
    },
    {
        "defaultValue": false,
        "dataSources": [{
            "name": "Gater",
            "keyPath": "gates/ios.com.salesforce.fieldservice.featureflags.nativeRecordEdit/isOpen"
        }],
        "name": "ios.com.salesforce.fieldservice.featureflags.nativeRecordEdit",
        "scope": "DEV"
    },
    {
        "defaultValue": true,
        "dataSources": [{
            "name": "Gater",
            "keyPath": "gates/ios.com.salesforce.fieldservice.featureflags.locationActions/isOpen"
        }],
        "name": "ios.com.salesforce.fieldservice.featureflags.locationActions",
        "scope": "PROD"
    },
    {
        "defaultValue": false,
        "dataSources": [{
            "name": "Gater",
            "keyPath": "gates/ios.com.salesforce.fieldservice.featureflags.locationActions_full/isOpen"
        }],
        "name": "ios.com.salesforce.fieldservice.featureflags.locationActions_full",
        "scope": "PROD"
    },
    {
        "defaultValue": false,
        "dataSources": [{
            "name": "Gater",
            "keyPath": "gates/ios.com.salesforce.fieldservice.featureflags.locationActions_ViewObject/isOpen"
        }],
        "name": "ios.com.salesforce.fieldservice.featureflags.locationActions_ViewObject",
        "scope": "PROD"
    },
    {
        "defaultValue": true,
        "dataSources": [{
            "name": "Gater",
            "keyPath": "gates/ios.com.salesforce.fieldservice.featureflags.ux.navRailOnPad/isOpen"
        }],
        "name": "ios.com.salesforce.fieldservice.featureflags.ux.navRailOnPad",
        "scope": "PROD"
    },
    {
        "defaultValue": true,
        "dataSources": [
            {
                "name": "Gater",
                "keyPath": "gates/ios.com.salesforce.fieldservice.featureflags.ux.navRailOnPhone/isOpen"
            }
        ],
        "name": "ios.com.salesforce.fieldservice.featureflags.ux.navRailOnPhone",
        "description": "Enable NavRail layout and navigation on iPhone and iPad compact layout",
        "scope": "PROD"
    },
    {
        "defaultValue": false,
        "dataSources": [{
            "name": "Gater",
            "keyPath": "gates/ios.com.salesforce.fieldservice.featureflags.uxDemo/isOpen"
        }],
        "name": "ios.com.salesforce.fieldservice.featureflags.uxDemo",
        "scope": "PROD"
    },
    {
        "defaultValue": true,
        "dataSources": [
            {
                "name": "Gater",
                "keyPath": "gates/com.salesforce.fieldservice.lmr.binaryManager/isOpen"
            }
        ],
        "name": "com.salesforce.fieldservice.lmr.binaryManager",
        "description": "Leverages the LightningSDK BinaryManager for binary image storage",
        "scope": "PROD"
    },
    {
        "defaultValue": true,
        "dataSources": [
            {
                "name": "Gater",
                "keyPath": "gates/ios.com.salesforce.fieldservice.featureflags.zeroQuantityInventory/isOpen"
            }
        ],
        "name": "ios.com.salesforce.fieldservice.featureflags.zeroQuantityInventory",
        "description": "Enables filtering of zero-quantity inventory",
        "scope": "PROD"
    },
    {
        "defaultValue": true,
        "dataSources": [
            {
                "name": "Gater",
                "keyPath": "gates/ios.com.salesforce.fieldservice.featureflags.newFileDetailViewController/isOpen"
            }
        ],
        "name": "ios.com.salesforce.fieldservice.featureflags.newFileDetailViewController",
        "description": "Enables the new FileDetailViewController class which replaces SCFOldFileDetailViewController.",
        "scope": "PROD"

    },
    {
        "defaultValue": true,
        "dataSources": [
            {
                "name": "Gater",
                "keyPath": "gates/ios.com.salesforce.fieldservice.featureflags.newRelatedRecordsList/isOpen"
            }
        ],
        "name": "ios.com.salesforce.fieldservice.featureflags.newRelatedRecordsList",
        "description": "Enables the new related records list view built upon the new patterns.",
        "scope": "PROD"

    },
    {
        "defaultValue": true,
        "dataSources": [
            {
                "name": "Gater",
                "keyPath": "gates/ios.com.salesforce.fieldservice.featureflags.standardPhotoPickerOnPhone/isOpen"
            }
        ],
        "name": "ios.com.salesforce.fieldservice.featureflags.standardPhotoPickerOnPhone",
        "description": "Enables iOS standard photo picker on iPhone",
        "scope": "PROD"
    },
    {
        "defaultValue": false,
        "dataSources": [{
            "name": "Gater",
            "keyPath": "gates/ios.com.salesforce.fieldservice.featureflags.ux.modernizedUserProfile/isOpen"
        }],
        "name": "ios.com.salesforce.fieldservice.featureflags.ux.modernizedUserProfile",
        "description": "Enable modernized profile view and UX",
        "scope": "DEV"
    },
    {
        "defaultValue": false,
        "dataSources": [{
            "name": "Gater",
            "keyPath": "gates/ios.com.salesforce.fieldservice.featureflags.ux.modernizedUserProfileButton/isOpen"
        }],
        "name": "ios.com.salesforce.fieldservice.featureflags.ux.modernizedUserProfileButton",
        "description": "Enable modernized profile button and ux (badging, layout, etc.)",
        "scope": "DEV"
    },
    {
        "defaultValue": true,
        "dataSources": [
            {
                "name": "Gater",
                "keyPath": "gates/ios.com.salesforce.fieldservice.hvpUX/isOpen"
            }
        ],
        "name": "ios.com.salesforce.fieldservice.hvpUX",
        "description": "Enables background priming local notification and keeps app in focus while priming",
        "scope": "PROD"
    },
    {
        "defaultValue": false,
        "dataSources": [
            {
                "name": "Gater",
                "keyPath": "gates/ios.com.salesforce.fieldservice.featureflags.useLdsRepository/isOpen"
            }
        ],
        "name": "ios.com.salesforce.fieldservice.featureflags.useLdsRepository",
        "scope": "PROD"
    },
    {
        "defaultValue": false,
        "dataSources": [
            {
                "name": "Gater",
                "keyPath": "gates/ios.com.salesforce.fieldservice.inappofflinemode/isOpen"
            }
        ],
        "name": "ios.com.salesforce.fieldservice.inAppOfflineMode",
        "scope": "PROD"
    },
    {
        "name": "com.salesforce.fieldservice.lmr.offlineImagesInLwc",
        "description": "Enables offline image support within LWCs",
        "scope": "PROD",
        "defaultValue": true,
        "dataSources": [
            {
                "name": "Gater",
                "keyPath": "gates/com.salesforce.fieldservice.lmr.offlineImagesInLwc/isOpen"
            }
        ]
      },
      {
        "name": "ios.com.salesforce.fieldservice.featureflags.EinsteinGptWoSummary",
        "description": "A gate that start EinsteinGPT WO Summary Feature",
        "scope": "PROD",
        "defaultValue": false,
        "dataSources": [
          {
              "name": "Gater",
              "keyPath": "gates/ios.com.salesforce.fieldservice.featureflags.EinsteinGptWoSummary/isOpen"
          }
        ]
    },
    {
        "defaultValue": true,
        "dataSources": [
            {
                "name": "Gater",
                "keyPath": "gates/fscore.com.salesforce.fieldservice.LdsRelatedListLimitOverride/isOpen"
            }
        ],
        "name": "fscore.com.salesforce.fieldservice.LdsRelatedListLimitOverride",
        "scope": "PROD"
    },
    {
        "defaultValue": false,
        "dataSources": [
            {
                "name": "Gater",
                "keyPath": "gates/fscore.com.salesforce.fieldservice.AutomaticallyFollowRelatedLists/isOpen"
            }
        ],
        "name": "fscore.com.salesforce.fieldservice.AutomaticallyFollowRelatedLists",
        "scope": "PROD"
    },
    {
        "defaultValue": false,
        "dataSources": [
            {
                "name": "Gater",
                "keyPath": "gates/ios.com.salesforce.fieldservice.featureflags.lowconnectivitymode/isOpen"
            }
        ],
        "name": "ios.com.salesforce.fieldservice.featureflags.lowconnectivitymode",
        "scope": "PROD"
    },
    {
        "defaultValue": true,
        "dataSources": [
            {
                "name": "Gater",
                "keyPath": "gates/fscore.com.salesforce.fieldservice.LdsRelatedListLimitOverride/isOpen"
            }
        ],
        "name": "fscore.com.salesforce.fieldservice.LdsRelatedListLimitOverride",
        "scope": "PROD"
    },
    {
        "defaultValue": false,
        "dataSources": [
            {
                "name": "Gater",
                "keyPath": "gates/fscore.com.salesforce.fieldservice.AutomaticallyFollowRelatedLists/isOpen"
            }
        ],
        "name": "fscore.com.salesforce.fieldservice.AutomaticallyFollowRelatedLists",
        "scope": "PROD"
    },
    {
        "defaultValue": false,
        "dataSources": [{
            "name": "Gater",
            "keyPath": "gates/ios.com.salesforce.fieldservice.featureflags.widget/isOpen"
        }],
        "name": "ios.com.salesforce.fieldservice.featureflags.widget",
        "scope": "PROD"
    },
    {
    "defaultValue": false,
    "dataSources": [{
    "name": "Gater",
            "keyPath": "gates/ios.com.salesforce.fieldservice.feature.record/isOpen"
        }],
        "name": "ios.com.salesforce.fieldservice.feature.record",
        "scope": "DEV"
    },
    {
        "defaultValue": false,
        "dataSources": [
            {
                "name": "Gater",
                "keyPath": "gates/fscore.com.salesforce.fieldservice.disableFlowPauseDraftAndDataChange/isOpen"
            }
        ],
        "name": "fscore.com.salesforce.fieldservice.disableFlowPauseDraftAndDataChange",
        "scope": "PROD"
    },
    {
    "defaultValue": true,
    "dataSources": [{
    "name": "Gater",
            "keyPath": "gates/ios.com.salesforce.fieldservice.featureflags.advancedSecurityCompliance/isOpen"
        }],
        "name": "ios.com.salesforce.fieldservice.featureflags.advancedSecurityCompliance",
        "scope": "PROD"
    },
    {
      "name": "ios.com.salesforce.fieldservice.featureflags.EinsteinGptFeedback",
      "description": "A gate that enables EinsteinGPT WO Summary's feedback Feature",
      "scope": "PROD",
      "defaultValue": false,
      "dataSources": [
        {
            "name": "Gater",
            "keyPath": "gates/ios.com.salesforce.fieldservice.featureflags.EinsteinGptFeedback/isOpen"
        }
      ]
    },
    {
      "name": "ios.com.salesforce.fieldservice.EinsteinGPTApplicationName",
      "description": "Adds applicationName to GPT generation request body",
      "scope": "PROD",
      "defaultValue": false,
      "dataSources": [
        {
            "name": "Gater",
            "keyPath": "gates/ios.com.salesforce.fieldservice.EinsteinGPTApplicationName/isOpen"
        }
      ]
    },
    {
      "name": "ios.com.salesforce.fieldservice.copilot",
      "description": "Copilot feature kill switch. Use it to switch off copilot in case it malfunctions",
      "scope": "PROD",
      "defaultValue": true,
      "dataSources": [
        {
            "name": "Gater",
            "keyPath": "gates/ios.com.salesforce.fieldservice.copilot/isOpen"
        }
      ]
    },
    {
      "name": "ios.com.salesforce.fieldservice.copilot.development",
      "description": "Enable copilot for development",
      "scope": "DEV",
      "defaultValue": false,
      "dataSources": []
    },
    {
      "name": "ios.com.salesforce.fieldservice.copilotMocking",
      "description": "Enables co-pilot mock responses menu",
      "scope": "PROD",
      "defaultValue": false,
      "dataSources": [
        {
            "name": "Gater",
            "keyPath": "gates/ios.com.salesforce.fieldservice.copilotMocking/isOpen"
        }
      ]
    },
    {
      "name": "ios.com.salesforce.fieldservice.workstep.action.flow.honorAutoCompleteSetting",
      "description": "A gate that enables manual override of auto work step complete based on org setting",
      "scope": "PROD",
      "defaultValue": true,
      "dataSources": [
        {
            "name": "Gater",
            "keyPath": "gates/ios.com.salesforce.fieldservice.workstep.action.flow.honorAutoCompleteSetting/isOpen"
        }
      ]
    },
    {
      "name": "ios.com.salesforce.fieldservice.contentlibraries",
      "description": "A gate that enables the content libraries feature set",
      "scope": "DEV",
      "defaultValue": false,
      "dataSources": [
        {
            "name": "Gater",
            "keyPath": "gates/ios.com.salesforce.fieldservice.contentlibraries/isOpen"
        }
      ]
    },
    {
      "name": "ios.com.salesforce.fieldservice.customerPGEguards246",
      "description": "A gate that enables customer PG&E fixes for 246.0 rollout",
      "scope": "PROD",
      "defaultValue": false,
      "dataSources": [
        {
            "name": "Gater",
            "keyPath": "gates/ios.com.salesforce.fieldservice.customerPGEguards246/isOpen"
        }
      ]
    },
    {
      "name": "fscore.com.salesforce.fieldservice.LdsBatchRecordsLoaderPadJson",
      "description": "Pad json so duplicate wire calls are unique in LDS batch records loader",
      "scope": "PROD",
      "defaultValue": false,
      "dataSources": [
        {
            "name": "Gater",
            "keyPath": "gates/fscore.com.salesforce.fieldservice.LdsBatchRecordsLoaderPadJson/isOpen"
        }
      ]
    },
    {
        "name": "ios.com.salesforce.fieldservice.featureflags.arMeasure",
        "description": "A gate that enables AR measurement feature",
        "scope": "DEV",
        "defaultValue": false,
        "dataSources": [
            {
                "name": "Gater",
                "keyPath": "gates/ios.com.salesforce.fieldservice.featureflags.arMeasure/isOpen"
            }
        ]
    },
    {
        "name": "ios.com.salesforce.fieldservice.backgroundSANotificationCache",
        "description": "A gate that enables cahcing of SA push notifications when app is in background",
        "defaultValue": false,
        "dataSources": [
            {
                "name": "Gater",
                "keyPath": "gates/ios.com.salesforce.fieldservice.backgroundSANotificationCache/isOpen"
            }
        ],
        "name": "ios.com.salesforce.fieldservice.backgroundSANotificationCache",
        "scope": "PROD"
    },
    {
        "defaultValue": true,
        "dataSources": [{
            "name": "Gater",
            "keyPath": "gates/ios.com.salesforce.fieldservice.featureflags.customnav.timesheets/isOpen"
        }],
        "name": "ios.com.salesforce.fieldservice.featureflags.customnav.timesheets",
        "description": "Turns Adding Time Sheets to Tab Bar on/off",
        "scope": "PROD"
    },
    {
      "name": "ios.com.salesforce.fieldservice.o11yEventLogging.error",
      "description": "Report ERROR and FATAL log messages to O11y",
      "scope": "PROD",
      "defaultValue": false,
      "dataSources": [
        {
          "name": "Gater",
          "keyPath": "gates/ios.com.salesforce.fieldservice.o11yEventLogging.error/isOpen"
        }
      ]
    },
    {
      "name": "ios.com.salesforce.fieldservice.o11yEventLogging.warn",
      "description": "Report WARN, ERROR and FATAL log messages to O11y.",
      "scope": "PROD",
      "defaultValue": false,
      "dataSources": [
        {
          "name": "Gater",
          "keyPath": "gates/ios.com.salesforce.fieldservice.o11yEventLogging.warn/isOpen"
        }
      ]
    },
    {
        "defaultValue": false,
        "dataSources": [{
            "name": "Gater",
            "keyPath": "gates/ios.com.salesforce.fieldservice.workStep.statusChangeOptimistic/isOpen"
        }],
        "name": "ios.com.salesforce.fieldservice.workStep.statusChangeOptimistic",
        "description": "Enables optimistic work step status changes",
        "scope": "PROD"
    },
    {
        "defaultValue": false,
        "dataSources": [{
            "name": "Gater",
            "keyPath": "gates/fscore.com.salesforce.fieldservice.HvpFromLayouts/isOpen"
        }],
        "name": "fscore.com.salesforce.fieldservice.HvpFromLayouts",
        "description": "Enables fields from the SearchLayout, PageLayout, and CompactLayout to be used in HVB priming",
        "scope": "PROD"
    }
]
